Id,class
11,e
20,e
23,e
25,p
28,e
29,e
30,e
36,e
41,e
50,e
53,p
54,p
57,e
60,e
61,e
67,e
68,e
69,e
71,e
75,e
81,p
83,e
86,e
89,e
91,e
92,e
95,e
98,e
99,e
101,e
102,e
108,e
110,e
114,p
115,e
116,e
119,e
122,p
123,e
127,e
129,e
130,e
133,e
137,e
138,p
145,e
146,e
147,e
149,e
150,e
152,e
154,e
156,e
167,e
169,e
170,e
175,e
176,e
178,e
179,e
186,e
196,e
206,e
212,e
217,e
224,e
225,e
231,p
233,e
237,e
241,e
244,e
247,e
248,e
249,e
256,e
257,e
259,e
265,e
271,p
273,e
274,e
277,e
280,p
281,e
285,e
291,e
294,e
295,e
297,e
299,p
300,e
304,e
305,e
307,e
313,e
315,p
317,e
320,e
321,e
323,e
337,e
339,e
343,e
345,e
353,e
356,e
358,e
361,e
362,e
364,e
370,e
372,e
373,e
375,e
378,e
380,p
382,e
384,e
386,e
389,e
392,e
397,e
413,e
415,e
417,p
423,e
424,e
435,e
436,e
439,e
452,e
459,e
462,e
465,e
467,e
468,e
470,e
471,e
473,e
475,e
477,e
479,e
480,e
481,e
483,e
486,e
490,e
493,e
494,e
499,e
500,e
501,e
505,p
510,e
516,e
519,e
520,e
529,e
532,p
534,p
536,e
537,e
543,e
544,e
546,e
548,e
553,e
556,p
558,e
570,e
572,e
573,e
575,e
577,e
578,e
582,e
584,e
585,e
588,e
596,e
599,p
601,e
603,e
606,e
610,e
616,e
617,e
625,e
628,e
629,e
632,e
637,e
640,e
650,e
657,e
664,e
668,e
669,e
670,e
677,e
683,e
684,e
686,e
693,e
694,p
696,e
699,e
700,p
701,e
706,e
708,e
709,e
710,e
711,e
715,e
716,e
717,e
721,e
724,e
727,e
729,e
737,p
740,e
743,e
745,e
757,e
759,e
766,e
767,e
769,e
770,e
773,e
777,e
779,e
783,e
784,e
786,e
787,e
788,p
789,e
790,e
800,e
802,p
808,e
809,e
810,e
819,e
823,e
826,e
827,e
832,e
834,e
837,p
844,e
846,e
857,e
858,e
861,e
867,e
870,e
871,e
878,e
883,e
884,e
885,e
888,e
895,e
903,e
904,e
906,p
907,e
908,p
911,e
912,e
914,e
915,e
916,e
917,e
922,e
924,e
932,p
934,e
941,e
947,e
949,p
950,p
952,e
956,p
957,e
958,e
959,e
970,e
971,e
973,e
974,e
975,e
976,e
979,e
985,e
993,e
996,e
999,p
1009,e
1013,e
1015,e
1018,p
1019,e
1020,e
1023,e
1024,p
1033,e
1039,p
1040,e
1042,e
1046,e
1048,e
1049,e
1050,e
1058,e
1064,p
1067,e
1072,e
1073,e
1077,p
1079,e
1080,e
1081,p
1094,e
1096,e
1104,e
1105,e
1106,p
1112,e
1113,e
1114,e
1115,e
1118,e
1128,e
1130,p
1135,e
1136,e
1137,e
1138,e
1139,e
1143,e
1146,e
1150,e
1157,e
1158,e
1160,e
1166,p
1167,e
1174,e
1182,e
1184,e
1185,e
1186,e
1189,e
1191,e
1198,e
1204,p
1210,e
1216,e
1218,e
1221,e
1231,p
1232,e
1236,e
1242,p
1246,e
1247,e
1248,e
1252,e
1262,p
1265,e
1269,e
1272,p
1275,p
1282,e
1283,e
1286,p
1294,p
1297,e
1298,e
1301,e
1302,e
1310,e
1313,e
1318,e
1323,p
1325,e
1328,e
1330,e
1334,e
1336,e
1338,e
1343,e
1344,e
1345,e
1353,e
1355,e
1358,e
1359,e
1362,e
1366,e
1367,e
1373,e
1383,e
1386,e
1387,e
1395,e
1399,p
1401,e
1403,e
1404,e
1406,e
1409,e
1410,e
1418,e
1423,e
1435,e
1438,e
1439,e
1444,p
1446,e
1449,e
1453,p
1454,e
1455,e
1457,e
1463,e
1466,e
1467,e
1472,p
1476,e
1480,e
1482,e
1484,e
1485,p
1486,e
1487,e
1489,p
1494,e
1495,e
1500,e
1501,e
1509,e
1511,e
1513,e
1514,e
1516,e
1518,e
1520,e
1522,e
1525,e
1526,e
1530,p
1532,p
1534,e
1535,p
1539,e
1542,e
1547,e
1548,e
1549,e
1551,e
1554,e
1558,e
1562,e
1563,e
1568,p
1574,e
1579,p
1586,e
1594,e
1597,e
1606,e
1611,e
1614,p
1620,e
1624,e
1627,e
1628,p
1631,e
1633,e
1634,e
1635,e
1638,e
1640,e
1642,e
1648,e
1651,e
1654,e
1655,e
1656,e
1666,e
1667,p
1669,p
1675,e
1678,e
1679,e
1683,p
1684,e
1688,e
1691,e
1692,e
1700,e
1702,e
1707,p
1713,e
1714,e
1715,e
1721,e
1722,e
1725,p
1730,e
1732,e
1737,e
1743,e
1745,p
1748,p
1751,e
1754,p
1755,e
1756,e
1758,e
1759,e
1763,e
1764,e
1766,e
1767,e
1769,e
1774,e
1776,e
1782,e
1785,e
1789,e
1790,p
1797,e
1802,e
1804,e
1805,e
1809,e
1816,p
1819,e
1834,e
1836,e
1837,e
1842,e
1843,p
1859,e
1863,e
1864,e
1865,e
1873,e
1876,e
1877,e
1879,e
1884,e
1887,p
1895,e
1898,e
1899,e
1901,e
1902,e
1903,e
1907,e
1914,e
1919,e
1926,e
1934,e
1942,e
1946,e
1949,e
1950,e
1959,p
1960,e
1964,e
1965,e
1969,e
1971,e
1978,e
1980,e
1984,e
1990,p
1992,e
1993,e
1994,e
1995,e
1997,e
2003,e
2006,p
2009,p
2010,e
2011,e
2021,e
2022,e
2028,e
2036,e
2039,e
2042,e
2045,e
2046,e
2050,e
2051,e
2052,e
2053,e
2054,e
2057,e
2064,e
2065,e
2072,e
2073,e
2076,e
2077,e
2079,e
2080,e
2082,e
2084,e
2088,e
2090,e
2092,e
2098,p
2101,e
2107,e
2110,e
2111,e
2123,e
2131,e
2133,e
2137,e
2138,e
2141,e
2145,e
2146,e
2153,e
2155,e
2156,e
2161,e
2164,e
2168,e
2172,e
2178,p
2179,e
2184,e
2186,e
2187,e
2188,e
2192,e
2195,e
2196,e
2197,e
2200,e
2203,e
2208,e
2212,e
2214,e
2218,e
2221,e
2225,e
2226,e
2227,e
2228,e
2232,e
2235,e
2237,e
2241,p
2248,e
2252,e
2254,e
2255,e
2256,e
2258,e
2264,e
2265,e
2268,e
2270,e
2272,e
2274,e
2284,e
2288,p
2293,e
2297,e
2298,e
2303,e
2304,e
2305,e
2310,e
2313,e
2329,e
2330,e
2332,e
2335,e
2338,e
2339,e
2340,e
2342,e
2344,e
2347,e
2350,e
2355,e
2356,e
2358,e
2361,e
2364,e
2368,e
2371,e
2385,p
2395,e
2396,e
2401,e
2403,e
2411,e
2416,e
2418,e
2425,e
2430,e
2432,e
2434,e
2435,e
2438,e
2440,e
2441,e
2451,e
2459,e
2478,p
2479,e
2480,e
2482,p
2483,e
2487,e
2490,e
2494,e
2497,e
2499,e
2505,e
2510,e
2512,p
2515,e
2516,e
2521,e
2528,e
2530,e
2536,p
2537,e
2539,p
2540,p
2541,e
2548,e
2551,e
2552,e
2554,e
2556,e
2558,e
2562,e
2563,e
2566,p
2568,e
2571,p
2573,e
2574,e
2575,e
2578,e
2581,e
2582,e
2586,e
2587,e
2592,e
2596,e
2602,e
2610,e
2615,e
2616,e
2618,e
2619,e
2625,e
2639,e
2643,e
2644,e
2648,e
2649,e
2651,e
2656,e
2657,e
2658,e
2659,e
2663,e
2666,e
2670,e
2674,e
2678,e
2679,e
2681,e
2684,e
2687,e
2694,e
2698,e
2699,e
2702,e
2705,e
2707,e
2708,e
2717,e
2722,e
2724,e
2725,e
2726,e
2730,e
2731,e
2732,e
2739,e
2743,e
2744,e
2752,e
2757,e
2758,e
2759,e
2763,e
2764,e
2775,e
2783,e
2791,e
2793,e
2794,e
2795,e
2796,e
2801,e
2803,e
2804,e
2805,e
2807,e
2808,e
2809,e
2811,e
2817,e
2823,e
2834,e
2837,e
2839,e
2845,e
2846,e
2847,e
2849,e
2851,e
2852,e
2853,e
2857,e
2859,e
2860,p
2862,e
2869,e
2873,e
2874,e
2876,e
2885,e
2886,e
2887,p
2889,e
2891,e
2893,e
2895,e
2898,e
2901,e
2910,e
2911,e
2912,e
2913,e
2915,e
2916,e
2917,e
2926,p
2933,e
2939,e
2943,e
2944,e
2946,e
2947,e
2948,e
2955,e
2959,e
2981,e
2985,e
2988,e
2989,e
2991,e
2992,e
2994,e
2998,e
3004,p
3009,p
3010,e
3011,e
3014,e
3019,e
3021,e
3022,e
3023,e
3032,e
3033,e
3034,p
3035,e
3036,e
3037,p
3042,e
3043,e
3046,e
3054,e
3059,e
3060,p
3067,e
3071,e
3073,p
3074,e
3079,e
3080,e
3093,p
3105,e
3108,e
3118,p
3121,e
3125,e
3129,e
3132,e
3135,e
3137,e
3138,p
3143,e
3146,e
3150,e
3151,e
3153,e
3155,e
3157,e
3160,e
3169,p
3172,e
3177,e
3181,p
3183,e
3189,e
3191,p
3195,e
3196,e
3202,e
3203,e
3210,e
3212,e
3220,e
3221,e
3224,e
3226,p
3228,e
3231,p
3237,e
3242,p
3244,e
3248,p
3250,e
3258,p
3264,p
3268,p
3269,p
3273,e
3274,p
3275,e
3277,p
3278,e
3281,p
3284,p
3289,e
3296,e
3298,p
3300,p
3306,p
3307,e
3308,e
3313,p
3314,e
3315,e
3316,e
3317,e
3319,e
3320,e
3322,p
3326,p
3327,p
3337,p
3338,e
3339,p
3343,e
3346,p
3357,p
3359,p
3360,e
3370,e
3372,p
3376,e
3380,e
3384,e
3386,e
3392,e
3394,e
3396,e
3397,p
3399,p
3410,e
3411,p
3412,e
3413,e
3422,e
3424,e
3426,p
3428,e
3431,e
3433,e
3437,p
3439,p
3442,e
3446,p
3449,e
3450,e
3452,p
3455,e
3461,e
3463,p
3465,p
3466,e
3475,e
3500,p
3507,e
3509,e
3514,e
3516,e
3517,e
3520,e
3522,p
3525,p
3527,e
3529,e
3535,e
3537,e
3538,e
3554,p
3560,p
3563,e
3566,e
3568,e
3573,e
3580,e
3583,p
3584,e
3585,e
3590,p
3593,e
3603,e
3606,p
3611,e
3613,e
3621,p
3622,p
3630,p
3632,p
3633,p
3635,p
3639,e
3642,e
3643,e
3649,p
3650,e
3654,p
3656,p
3662,e
3663,p
3666,e
3668,e
3669,e
3670,p
3672,e
3674,e
3675,p
3679,p
3685,e
3686,p
3688,e
3691,e
3692,p
3693,e
3695,e
3703,p
3705,e
3708,p
3712,e
3719,e
3723,e
3724,p
3726,p
3728,e
3731,e
3732,e
3742,p
3749,e
3755,p
3756,e
3760,e
3761,e
3765,e
3769,e
3770,e
3775,p
3779,e
3786,e
3790,p
3795,e
3796,p
3804,p
3808,p
3809,e
3818,e
3819,e
3820,e
3821,e
3823,e
3825,e
3826,p
3828,e
3829,p
3833,p
3841,e
3842,e
3847,e
3854,p
3857,e
3858,p
3859,p
3864,p
3866,e
3867,e
3871,p
3872,p
3876,p
3877,e
3882,p
3883,e
3885,p
3894,p
3900,p
3901,p
3903,p
3906,p
3908,p
3909,p
3910,e
3913,p
3914,e
3918,p
3921,p
3923,e
3930,p
3931,p
3932,p
3933,p
3935,p
3942,e
3947,p
3948,e
3949,p
3953,p
3957,p
3962,p
3969,p
3973,e
3974,p
3979,e
3981,p
3986,p
3989,e
3990,p
3993,p
3994,p
4002,e
4003,e
4007,p
4009,e
4014,p
4015,p
4016,p
4018,e
4020,p
4022,p
4024,p
4025,p
4030,p
4031,p
4032,p
4034,p
4036,p
4040,p
4042,p
4047,e
4051,p
4053,p
4054,e
4055,p
4057,p
4059,e
4066,p
4078,p
4079,p
4080,p
4082,p
4086,p
4090,p
4094,p
4096,e
4101,p
4102,p
4104,p
4109,e
4110,p
4111,p
4112,p
4117,p
4119,p
4124,e
4134,e
4138,e
4142,e
4143,p
4146,p
4150,e
4151,p
4152,p
4155,e
4161,e
4162,p
4164,p
4165,e
4170,p
4171,p
4177,p
4186,e
4188,p
4191,p
4192,p
4193,p
4194,p
4198,p
4204,p
4209,p
4210,p
4214,p
4215,p
4217,p
4222,p
4223,p
4226,p
4235,p
4253,e
4256,p
4258,p
4262,p
4264,p
4266,p
4269,p
4270,p
4272,p
4274,p
4282,p
4288,p
4294,p
4296,p
4301,p
4305,e
4306,p
4311,p
4312,p
4313,p
4317,p
4318,p
4322,p
4331,p
4332,p
4335,p
4343,p
4344,p
4349,p
4355,p
4359,p
4361,p
4362,p
4363,p
4368,p
4369,p
4373,p
4379,e
4381,p
4382,p
4383,p
4391,p
4394,p
4396,e
4402,p
4407,p
4411,p
4421,p
4424,e
4425,p
4434,p
4436,p
4438,p
4441,p
4444,e
4446,p
4447,p
4452,p
4454,p
4455,p
4460,p
4463,p
4464,p
4465,p
4469,p
4472,p
4473,p
4475,p
4476,p
4478,p
4485,p
4486,p
4489,p
4498,p
4500,p
4503,p
4511,p
4512,p
4516,p
4527,p
4532,p
4536,p
4539,p
4543,p
4544,p
4551,p
4554,p
4556,e
4558,p
4560,p
4562,p
4566,p
4571,p
4579,p
4580,p
4581,p
4583,p
4584,p
4587,p
4592,p
4594,p
4599,p
4606,p
4608,p
4611,e
4618,p
4621,p
4624,p
4625,p
4629,p
4631,p
4637,p
4638,p
4641,p
4642,p
4647,e
4649,p
4652,e
4659,p
4660,p
4662,e
4668,p
4671,p
4676,p
4681,p
4682,p
4686,p
4687,p
4690,p
4691,p
4692,p
4694,p
4695,p
4707,p
4709,p
4714,p
4720,p
4727,p
4731,p
4732,e
4735,p
4736,p
4737,p
4741,p
4746,p
4749,p
4751,p
4755,p
4756,p
4759,p
4760,p
4761,p
4762,p
4764,p
4768,p
4771,p
4779,p
4781,p
4782,p
4783,e
4784,p
4785,p
4788,e
4793,p
4794,p
4796,p
4797,p
4798,p
4802,p
4804,p
4806,e
4808,p
4810,p
4811,p
4818,p
4820,p
4829,p
4830,p
4832,p
4841,p
4845,p
4846,e
4848,p
4849,p
4862,e
4863,p
4864,p
4874,p
4879,p
4880,p
4882,p
4885,p
4894,p
4896,p
4898,e
4899,e
4900,p
4904,p
4905,p
4906,p
4907,p
4908,p
4909,p
4915,p
4917,p
4920,p
4934,p
4938,p
4944,p
4946,p
4947,p
4949,p
4950,p
4953,p
4954,p
4961,p
4962,p
4965,e
4968,p
4972,p
4978,p
4979,p
4983,p
4984,e
4985,p
4987,p
4988,p
4991,p
4993,e
4994,p
4998,p
5000,p
5006,p
5009,p
5025,p
5028,p
5036,p
5037,p
5053,e
5064,p
5067,p
5068,p
5073,p
5078,p
5081,p
5085,p
5087,e
5088,p
5095,p
5096,p
5099,p
5106,p
5111,p
5112,p
5114,p
5118,p
5132,p
5133,p
5135,e
5136,p
5137,p
5138,p
5147,p
5148,e
5150,e
5151,e
5160,p
5165,p
5172,p
5174,p
5181,p
5182,p
5183,p
5184,p
5185,e
5195,p
5200,p
5206,e
5209,p
5212,p
5216,e
5217,p
5218,p
5222,p
5223,e
5224,p
5230,e
5233,e
5241,p
5251,p
5262,p
5267,p
5272,p
5273,e
5275,p
5279,p
5281,p
5285,e
5287,p
5288,p
5289,p
5290,p
5293,p
5296,p
5298,p
5299,e
5301,p
5307,p
5308,e
5310,p
5311,p
5315,p
5316,e
5324,p
5326,p
5327,p
5328,p
5337,p
5338,p
5339,p
5344,e
5345,e
5346,p
5355,p
5358,p
5360,p
5365,p
5370,p
5374,p
5375,p
5379,p
5380,p
5382,e
5383,p
5386,e
5393,p
5394,p
5401,e
5404,p
5412,p
5415,e
5419,p
5420,e
5422,p
5425,p
5426,p
5432,p
5433,p
5435,p
5439,p
5443,e
5449,p
5454,p
5456,p
5463,e
5465,p
5466,e
5468,p
5470,p
5472,p
5476,p
5478,p
5479,e
5485,p
5488,p
5495,p
5496,p
5506,p
5513,p
5515,e
5516,p
5521,p
5522,e
5524,p
5526,p
5528,e
5529,p
5530,p
5537,e
5538,e
5541,p
5542,p
5548,p
5553,e
5554,p
5557,e
5566,p
5568,p
5569,e
5573,p
5574,p
5577,p
5579,p
5580,p
5584,p
5588,e
5589,p
5591,p
5592,p
5595,p
5597,p
5601,e
5605,p
5612,e
5613,p
5615,p
5616,p
5618,p
5619,e
5620,e
5629,p
5635,p
5637,p
5639,p
5640,e
5642,p
5647,p
5648,p
5650,p
5656,p
5658,p
5662,p
5663,p
5666,e
5667,p
5672,p
5675,p
5676,p
5678,p
5685,p
5686,e
5687,e
5688,p
5692,e
5693,p
5696,p
5701,p
5706,p
5708,p
5711,e
5712,p
5719,p
5720,e
5724,e
5726,p
5730,p
5735,p
5736,p
5737,e
5739,p
5745,p
5747,p
5750,p
5752,p
5754,e
5765,p
5769,e
5772,p
5779,e
5788,p
5790,p
5792,p
5793,p
5806,p
5809,p
5812,p
5814,e
5817,p
5822,p
5823,e
5824,p
5828,e
5829,p
5836,e
5837,p
5846,p
5847,e
5848,p
5849,e
5850,p
5851,p
5853,p
5855,p
5856,p
5862,p
5863,e
5864,p
5872,p
5873,p
5875,e
5877,p
5878,p
5880,p
5883,e
5888,p
5891,p
5892,p
5898,e
5902,p
5904,p
5906,e
5908,p
5913,e
5914,e
5915,p
5917,e
5920,p
5921,p
5923,p
5925,p
5926,p
5928,p
5931,p
5932,p
5935,p
5936,p
5937,e
5940,p
5944,p
5945,p
5948,e
5953,e
5955,p
5957,p
5958,p
5968,p
5969,p
5970,e
5973,p
5977,p
5978,e
5982,p
5987,p
5989,p
5998,p
6003,p
6007,p
6008,p
6023,p
6025,p
6037,p
6038,e
6044,p
6045,p
6052,p
6054,p
6057,p
6060,p
6066,p
6075,p
6077,p
6079,p
6080,p
6083,p
6086,p
6088,p
6090,p
6102,p
6106,p
6110,p
6111,p
6112,p
6116,p
6120,e
6122,p
6125,p
6132,p
6133,p
6137,p
6139,p
6145,p
6147,e
6148,p
6151,p
6153,p
6154,p
6155,p
6163,p
6174,p
6175,p
6184,p
6185,p
6187,p
6188,p
6192,p
6197,p
6200,p
6202,p
6207,p
6209,p
6212,p
6223,p
6226,p
6228,p
6231,p
6236,p
6237,p
6241,p
6244,p
6245,p
6248,p
6249,p
6252,p
6261,e
6263,p
6264,p
6272,p
6279,e
6288,p
6289,p
6292,p
6293,p
6298,p
6302,p
6303,p
6307,p
6308,p
6309,p
6312,p
6313,p
6317,p
6320,p
6328,p
6330,p
6331,e
6332,p
6335,p
6338,p
6342,p
6347,p
6350,p
6351,p
6352,p
6357,p
6358,p
6362,p
6366,e
6374,p
6376,p
6377,p
6378,p
6380,p
6383,p
6384,p
6385,p
6390,p
6392,p
6394,p
6396,e
6397,p
6398,p
6400,p
6405,p
6409,p
6410,p
6414,p
6416,p
6418,p
6422,p
6423,p
6424,e
6425,p
6427,p
6431,p
6441,p
6442,p
6447,p
6448,p
6450,p
6451,p
6459,p
6460,p
6461,p
6462,p
6468,p
6470,p
6472,p
6476,p
6480,p
6481,p
6484,p
6486,p
6487,p
6498,p
6500,p
6502,p
6504,p
6509,e
6511,p
6512,p
6513,p
6518,p
6520,p
6525,p
6529,p
6537,p
6542,p
6548,p
6552,p
6553,p
6556,p
6557,p
6561,p
6562,p
6572,p
6573,p
6580,p
6581,p
6583,p
6586,p
6587,p
6588,p
6589,p
6592,p
6596,p
6597,p
6598,p
6600,p
6604,p
6605,p
6606,p
6610,p
6618,p
6623,p
6627,p
6630,p
6631,p
6642,p
6644,p
6649,p
6652,p
6654,p
6659,p
6660,e
6662,p
6666,p
6667,p
6678,p
6679,p
6680,p
6681,p
6689,p
6692,p
6698,p
6701,p
6706,p
6707,p
6715,p
6720,p
6722,p
6725,p
6728,p
6734,p
6735,p
6738,p
6746,p
6747,p
6750,p
6751,p
6752,e
6754,p
6762,e
6763,e
6767,p
6768,p
6777,p
6781,p
6782,p
6783,p
6787,p
6790,p
6791,p
6792,p
6794,p
6795,p
6801,p
6803,p
6808,p
6814,p
6815,p
6817,p
6819,p
6831,p
6837,p
6839,p
6845,p
6850,p
6855,p
6856,p
6857,p
6858,p
6862,p
6867,p
6870,p
6875,p
6879,p
6880,p
6881,p
6892,p
6895,p
6903,p
6905,e
6912,p
6914,e
6915,p
6916,p
6917,p
6919,p
6920,e
6921,p
6924,e
6928,e
6933,p
6941,e
6942,p
6943,p
6944,p
6945,p
6947,p
6950,p
6952,e
6956,p
6957,p
6960,p
6961,p
6963,p
6965,p
6972,p
6974,p
6977,p
6979,p
6982,p
6983,p
6984,e
6989,e
6991,p
6992,p
6997,e
6998,e
7002,p
7003,e
7007,p
7008,e
7010,p
7011,e
7012,p
7022,e
7024,p
7026,e
7031,p
7033,e
7037,e
7039,e
7041,e
7042,p
7046,e
7053,p
7056,p
7057,p
7061,p
7062,p
7066,p
7067,e
7068,p
7070,p
7071,p
7080,p
7087,p
7088,p
7090,e
7095,p
7097,p
7098,e
7106,p
7107,p
7114,p
7116,e
7121,p
7122,p
7140,p
7144,p
7147,p
7148,p
7155,p
7157,p
7160,p
7161,p
7162,e
7163,p
7164,p
7165,p
7171,p
7173,e
7175,p
7177,p
7183,e
7193,p
7197,p
7198,p
7201,p
7202,e
7203,p
7205,e
7206,p
7211,e
7213,p
7219,p
7223,p
7224,p
7226,e
7230,p
7232,p
7233,e
7235,e
7241,p
7242,p
7244,e
7246,e
7247,p
7250,p
7255,e
7256,p
7258,e
7259,p
7261,p
7264,p
7268,p
7270,e
7273,e
7276,e
7278,e
7283,p
7284,e
7286,p
7287,p
7288,p
7294,p
7305,e
7309,e
7311,e
7315,e
7316,p
7320,p
7322,p
7324,p
7332,p
7333,p
7335,e
7337,p
7339,p
7342,p
7344,e
7345,p
7346,e
7349,e
7352,e
7359,e
7360,e
7364,p
7365,p
7366,e
7368,p
7370,e
7385,e
7394,p
7398,e
7399,p
7401,p
7402,p
7403,p
7404,e
7406,p
7410,p
7415,e
7418,e
7428,p
7429,p
7432,e
7434,e
7435,p
7437,e
7438,p
7440,e
7444,e
7446,e
7450,e
7452,p
7455,e
7462,p
7476,p
7477,p
7480,p
7482,p
7485,p
7492,p
7494,p
7498,e
7499,e
7501,p
7509,p
7511,p
7513,e
7517,p
7518,p
7519,p
7520,p
7522,e
7529,e
7530,p
7534,e
7538,p
7540,e
7541,e
7551,p
7554,p
7560,e
7563,p
7569,p
7571,p
7573,e
7574,p
7576,e
7579,p
7580,p
7586,e
7588,p
7590,e
7594,p
7596,p
7602,e
7607,p
7608,p
7610,e
7614,p
7616,p
7620,p
7621,p
7627,e
7630,e
7631,e
7632,e
7636,e
7640,e
7651,e
7653,p
7658,e
7659,e
7661,p
7662,e
7664,e
7665,e
7666,p
7668,p
7670,p
7671,e
7673,e
7674,e
7675,p
7676,p
7679,p
7680,e
7686,p
7691,p
7692,e
7695,p
7697,p
7701,e
7703,p
7704,e
7705,e
7706,p
7707,p
7708,p
7716,e
7717,e
7718,p
7721,e
7722,p
7723,e
7724,e
7727,p
7730,p
7732,p
7733,p
7734,p
7736,e
7738,p
7742,p
7749,e
7755,p
7757,p
7762,e
7764,p
7765,e
7768,p
7773,p
7774,p
7775,p
7780,p
7782,e
7786,p
7787,p
7788,e
7791,e
7792,p
7794,p
7795,e
7798,p
7799,p
7800,p
7804,p
7807,e
7809,e
7812,p
7814,e
7816,p
7817,e
7820,p
7825,e
7828,e
7830,e
7831,e
7837,p
7838,e
7842,e
7844,e
7846,p
7849,p
7850,p
7851,p
7853,p
7855,p
7858,e
7864,p
7868,p
7871,e
7874,p
7875,p
7886,e
7889,p
7899,p
7900,e
7901,p
7902,p
7903,p
7906,p
7909,e
7914,p
7922,e
7924,p
7925,p
7930,p
7935,p
7936,p
7941,p
7945,e
7948,p
7951,p
7953,e
7962,p
7963,p
7964,e
7965,e
7967,p
7972,e
7973,p
7976,e
7979,e
7984,e
7990,p
7991,e
7992,p
7995,p
7996,e
7998,p
8000,e
8001,e
8002,e
8006,p
8018,e
8028,p
8033,p
8035,e
8044,e
8045,p
8046,e
8047,p
8050,p
8054,e
8056,e
8060,p
8061,p
8062,p
8080,p
8083,p
8084,e
8087,p
8093,p
8099,e
8101,p
8102,e
8103,e
8104,e
8109,e
8110,e
8112,e
8113,p
8116,p
8118,p
