id,label
0,0
8,0
9,1
10,1
15,1
16,1
19,1
28,1
29,1
31,1
33,1
37,1
42,1
45,1
46,1
47,1
53,1
57,1
59,1
63,1
65,1
70,1
77,1
90,1
91,1
92,1
94,1
97,1
98,1
101,1
103,1
108,1
111,1
114,1
118,1
121,1
125,1
128,1
131,1
139,1
140,1
142,1
145,1
149,1
150,1
155,1
157,1
158,1
159,1
160,1
166,1
167,1
168,1
169,1
172,1
173,1
175,1
179,1
182,1
184,1
186,1
187,1
188,1
189,1
201,1
202,1
207,1
208,1
211,1
219,1
221,1
222,1
228,1
233,1
235,1
243,1
245,1
248,1
251,1
253,1
259,1
260,1
262,1
265,1
268,1
276,1
286,1
289,1
291,1
292,1
293,1
294,1
299,1
302,1
303,1
305,1
311,1
313,1
316,1
318,1
320,1
326,1
328,1
329,1
332,1
337,1
339,1
343,1
348,1
350,1
351,1
354,1
359,1
360,1
364,1
369,1
371,1
377,1
383,1
386,1
391,1
397,1
400,1
403,1
408,1
409,1
412,1
415,1
416,1
419,1
421,1
423,1
424,1
425,1
427,1
429,1
430,1
433,1
434,1
443,1
450,1
451,1
452,1
454,1
455,1
459,1
464,1
465,1
467,1
473,1
477,1
480,1
481,1
482,1
490,1
499,1
500,1
503,1
504,1
508,1
515,1
518,1
524,1
526,1
529,1
530,1
535,1
542,1
544,1
545,1
553,1
565,1
568,1
569,1
572,1
576,1
577,1
579,1
586,1
587,1
593,1
594,1
600,1
601,1
604,1
606,1
612,1
613,1
614,1
617,1
619,1
625,1
627,1
629,1
631,1
632,1
633,1
635,1
636,1
640,1
641,1
642,1
643,1
646,1
647,1
651,1
655,1
658,1
659,1
664,1
666,1
673,1
675,1
677,1
679,1
681,1
682,1
683,1
688,1
692,1
694,1
702,1
707,1
708,1
710,1
711,1
716,1
717,1
718,1
725,1
728,1
731,1
734,1
744,1
746,1
751,1
752,1
760,1
763,1
769,1
775,1
777,1
782,1
785,1
788,1
791,1
793,1
799,1
806,1
809,1
810,1
813,1
814,1
816,1
825,1
831,1
832,1
833,1
839,1
842,1
845,1
848,1
850,1
851,1
860,1
861,1
864,1
871,1
873,1
876,1
879,1
880,1
884,1
887,1
888,1
901,1
904,1
905,1
908,1
912,1
919,1
934,1
935,1
936,1
937,1
943,1
944,1
947,1
950,1
953,1
959,1
964,1
970,1
972,1
973,1
977,1
980,1
982,1
987,1
990,1
995,1
1009,1
1011,1
1013,1
1021,1
1022,1
1028,1
1031,1
1037,1
1039,1
1048,1
1052,1
1057,1
1064,1
1066,1
1069,1
1081,1
1082,1
1090,1
1092,1
1094,1
1095,1
1096,1
1098,1
1102,1
1106,1
1111,1
1113,1
1114,1
1119,1
1121,1
1127,1
1128,1
1129,1
1130,1
1133,1
1134,1
1136,1
1149,1
1151,1
1153,1
1154,1
1156,1
1159,1
1163,1
1166,1
1173,1
1174,1
1175,1
1178,1
1187,1
1190,1
1191,1
1195,1
1196,1
1197,1
1200,1
1202,1
1204,1
1205,1
1219,1
1225,1
1227,1
1229,1
1230,1
1231,1
1240,1
1248,1
1258,1
1260,1
1269,1
1274,1
1280,1
1281,1
1288,1
1306,1
1309,1
1314,1
1315,1
1316,1
1317,1
1318,1
1319,1
1320,1
1323,1
1324,1
1332,1
1334,1
1336,1
1338,1
1348,1
1349,1
1356,1
1365,1
1367,1
1370,1
1371,1
1372,1
1377,1
1382,1
1384,1
1397,1
1398,1
1410,1
1423,1
1429,1
1435,1
1436,1
1442,1
1450,1
1453,1
1454,1
1458,1
1473,1
1474,1
1479,1
1486,1
1488,1
1490,1
1491,1
1495,1
1496,1
1498,1
1502,1
1505,1
1507,1
1512,1
1513,1
1515,1
1518,1
1521,1
1522,1
1523,1
1527,1
1530,1
1533,1
1535,1
1541,1
1544,1
1547,1
1548,1
1549,1
1551,1
1561,1
1562,1
1563,1
1564,1
1569,1
1571,1
1574,1
1579,1
1581,1
1586,1
1598,1
1600,1
1603,1
1607,1
1610,1
1618,1
1621,1
1622,1
1624,1
1628,1
1632,1
1634,1
1635,1
1640,1
1646,1
1648,1
1649,1
1656,1
1657,1
1659,1
1661,1
1664,1
1667,1
1670,1
1671,1
1685,1
1693,1
1695,1
1697,1
1698,1
1700,1
1706,1
1710,1
1711,1
1712,1
1715,1
1721,1
1730,1
1736,1
1742,1
1746,1
1750,1
1759,1
1769,1
1775,1
1778,1
1780,1
1783,1
1785,1
1789,1
1794,1
1800,1
1805,1
1807,1
1809,1
1813,1
1816,1
1819,1
1820,1
1821,1
1827,1
1830,1
1831,1
1833,1
1837,1
1841,1
1844,1
1847,1
1848,1
1856,1
1857,1
1861,1
1863,1
1866,1
1867,1
1872,1
1875,1
1877,1
1878,1
1880,1
1888,1
1889,1
1893,1
1894,1
1895,1
1897,1
1899,1
1904,1
1914,1
1916,1
1917,1
1919,1
1923,1
1927,1
1928,1
1934,1
1939,1
1940,1
1941,1
1943,1
1949,1
1958,1
1959,1
1960,1
1963,1
1971,1
1973,1
1976,1
1977,1
1978,1
1979,1
1980,1
1982,1
1992,1
1996,1
1999,1
2002,1
2003,1
2004,1
2014,1
2015,1
2016,1
2018,1
2019,1
2020,1
2021,1
2025,1
2027,1
2033,1
2036,1
2045,1
2046,1
2047,1
2051,1
2052,1
2054,1
2055,1
2058,1
2059,1
2060,1
2061,1
2066,1
2069,1
2074,1
2077,1
2080,1
2082,1
2089,1
2093,1
2094,1
2096,1
2100,1
2103,1
2105,1
2106,1
2117,1
2142,1
2147,1
2154,1
2155,1
2156,1
2157,1
2160,1
2161,1
2163,1
2169,1
2176,1
2183,1
2186,1
2188,1
2194,1
2195,1
2196,1
2198,1
2199,1
2201,1
2202,1
2204,1
2209,1
2211,1
2212,1
2218,1
2220,1
2222,1
2229,1
2230,1
2232,1
2233,1
2236,1
2239,1
2245,1
2247,1
2248,1
2250,1
2252,1
2258,1
2263,1
2273,1
2279,1
2280,1
2286,1
2289,1
2291,1
2295,1
2296,1
2299,1
2301,1
2302,1
2305,1
2306,1
2309,1
2311,1
2317,1
2321,1
2329,1
2332,1
2337,1
2338,1
2346,1
2347,1
2351,1
2352,1
2356,1
2362,1
2365,1
2366,1
2368,1
2369,1
2371,1
2372,1
2373,1
2377,1
2382,1
2395,1
2397,1
2400,1
2405,1
2420,1
2421,1
2422,1
2430,1
2434,1
2436,1
2437,1
2439,1
2446,1
2447,1
2457,1
2460,1
2462,1
2464,1
2466,1
2472,1
2475,1
2476,1
2477,1
2481,1
2482,1
2484,1
2485,1
2487,1
2488,1
2489,1
2495,1
2501,1
2502,1
2506,1
2509,1
2510,1
2511,1
2516,1
2518,1
2521,1
2522,1
2523,1
2525,1
2526,1
2527,1
2529,1
2530,1
2531,1
2535,1
2538,1
2539,1
2548,1
2549,1
2551,1
2556,1
2557,1
2561,1
2563,1
2565,1
2566,1
2572,1
2574,1
2581,1
2583,1
2584,1
2585,1
2587,1
2597,1
2600,1
2601,1
2603,1
2606,1
2608,1
2621,1
2625,1
2627,1
2628,1
2631,1
2632,1
2634,1
2641,1
2642,1
2643,1
2644,1
2649,1
2652,1
2654,1
2655,1
2656,1
2657,1
2659,1
2661,1
2665,1
2668,1
2670,1
2671,1
2672,1
2673,1
2674,1
2675,1
2681,1
2683,1
2684,1
2685,1
2687,1
2688,1
2690,1
2693,1
2702,1
2706,1
2710,1
2711,1
2713,1
2715,1
2716,1
2717,1
2718,1
2719,1
2720,1
2723,1
2729,1
2731,1
2739,1
2741,1
2748,1
2752,1
2755,1
2757,1
2764,1
2767,1
2769,1
2772,1
2774,1
2779,1
2780,1
2788,1
2789,1
2791,1
2793,1
2801,1
2804,1
2809,1
2811,1
2819,1
2821,1
2822,1
2826,1
2829,1
2832,1
2836,1
2845,1
2846,1
2852,1
2855,1
2858,1
2862,1
2865,1
2866,1
2870,1
2872,1
2876,1
2877,1
2881,1
2886,1
2888,1
2892,1
2895,1
2900,1
2901,1
2905,1
2906,1
2912,1
2915,1
2916,1
2918,1
2919,1
2921,1
2922,1
2925,1
2926,1
2927,1
2928,1
2933,1
2942,1
2943,1
2946,1
2947,1
2948,1
2951,1
2955,1
2956,1
2958,1
2959,1
2965,1
2970,1
2973,1
2975,1
2978,1
2981,1
2985,1
2986,1
2987,1
2992,1
2995,1
2997,1
3007,1
3010,1
3012,1
3014,1
3016,1
3018,1
3019,1
3022,1
3026,1
3037,1
3039,1
3044,1
3052,1
3055,1
3061,1
3068,1
3069,1
3073,1
3074,1
3078,1
3081,1
3083,1
3085,1
3086,1
3088,1
3095,1
3099,1
3103,1
3104,1
3108,1
3110,1
3113,1
3120,1
3121,1
3122,1
3124,1
3127,1
3128,1
3130,1
3133,1
3136,1
3137,1
3143,1
3144,1
3145,1
3146,1
3147,1
3151,1
3152,1
3154,1
3165,1
3166,1
3171,1
3178,1
3179,1
3184,1
3185,1
3193,1
3201,1
3203,1
3206,1
3208,1
3213,1
3216,1
3220,1
3225,1
3232,1
3240,1
3241,1
3243,1
3245,1
3246,1
3247,1
3248,1
3260,1
3266,1
3267,1
3270,1
3271,1
3280,1
3284,1
3288,1
3290,1
3295,1
3298,1
3299,1
3300,1
3302,1
3306,1
3309,1
3311,1
3314,1
3316,1
3317,1
3318,1
3324,1
3325,1
3330,1
3333,1
3335,1
3337,1
3340,1
3342,1
3346,1
3347,1
3348,1
3359,1
3360,1
3365,1
3369,1
3373,1
3374,1
3375,1
3378,1
3383,1
3384,1
3389,1
3392,1
3394,1
3397,1
3398,1
3407,1
3409,1
3411,1
3414,1
3416,1
3419,1
3421,1
3423,1
3424,1
3425,1
3432,1
3436,1
3441,1
3442,1
3443,1
3444,1
3448,1
3451,1
3460,1
3467,1
3468,1
3483,1
3484,1
3487,1
3488,1
3490,1
3491,1
3494,1
3496,1
3497,1
3498,1
3507,1
3510,1
3515,1
3517,1
3518,1
3522,1
3523,1
3526,1
3530,1
3538,1
3541,1
3543,1
3544,1
3548,1
3549,1
3551,1
3553,1
3558,1
3559,1
3562,1
3572,1
3576,1
3578,1
3582,1
3584,1
3587,1
3589,1
3592,1
3597,1
3598,1
3604,1
3605,1
3609,1
3611,1
3612,1
3614,1
3616,1
3620,1
3623,1
3625,1
3630,1
3631,1
3632,1
3637,1
3639,1
3640,1
3643,1
3648,1
3650,1
3656,1
3657,1
3663,1
3665,1
3669,1
3672,1
3679,1
3681,1
3682,1
3683,1
3685,1
3686,1
3702,1
3711,1
3714,1
3720,1
3724,1
3726,1
3728,1
3729,1
3731,1
3733,1
3740,1
3742,1
3746,1
3747,1
3748,1
3751,1
3755,1
3757,1
3766,1
3767,1
3774,1
3777,1
3778,1
3779,1
3780,1
3781,1
3795,1
3798,1
3800,1
3803,1
3805,1
3806,1
3810,1
3825,1
3831,1
3836,1
3839,1
3841,1
3842,1
3844,1
3846,1
3856,1
3857,1
3858,1
3863,1
3868,1
3872,1
3874,1
3878,1
3880,1
3881,1
3883,1
3886,1
3888,1
3889,1
3892,1
3894,1
3895,1
3897,1
3900,1
3902,1
3903,1
3918,1
3928,1
3932,1
3946,1
3947,1
3954,1
3955,1
3956,1
3957,1
3958,1
3959,1
3963,1
3966,1
3967,1
3968,1
3976,1
3977,1
3978,1
3980,1
3985,1
3987,1
3988,1
3991,1
3992,1
3993,1
3999,1
4000,1
4010,1
4015,1
4017,1
4020,1
4021,1
4023,1
4027,1
4031,1
4032,1
4033,1
4034,1
4041,1
4044,1
4045,1
4050,1
4051,1
4053,1
4056,1
4057,1
4062,1
4067,1
4069,1
4074,1
4075,1
4079,1
4081,1
4085,1
4091,1
4093,1
4096,1
4098,1
4100,1
4108,1
4109,1
4110,1
4123,1
4124,1
4127,1
4131,1
4134,1
4136,1
4139,1
4141,1
4142,1
4149,1
4151,1
4157,1
4158,1
4162,1
4163,1
4164,1
4169,1
4170,1
4171,1
4172,1
4180,1
4181,1
4185,1
4190,1
4193,1
4195,1
4196,1
4202,1
4212,1
4214,1
4215,1
4218,1
4223,1
4225,1
4229,1
4235,1
4242,1
4245,1
4246,1
4247,1
4252,1
4254,1
4256,1
4261,1
4262,1
4268,1
4270,1
4273,1
4278,1
4283,1
4284,1
4285,1
4286,1
4290,1
4291,1
4294,1
4298,1
4303,1
4310,1
4312,1
4316,1
4317,1
4318,1
4319,1
4321,1
4324,1
4328,1
4333,1
4334,1
4337,1
4340,1
4341,1
4342,1
4350,1
4353,1
4354,1
4356,1
4361,1
4364,1
4365,1
4368,1
4371,1
4373,1
4375,1
4381,1
4382,1
4385,1
4387,1
4388,1
4401,1
4403,1
4409,1
4412,1
4414,1
4417,1
4421,1
4426,1
4427,1
4431,1
4432,1
4435,1
4438,1
4439,1
4441,1
4442,1
4448,1
4452,1
4453,1
4454,1
4466,1
4467,1
4468,1
4469,1
4472,1
4477,1
4478,1
4480,1
4484,1
4486,1
4491,1
4494,1
4495,1
4498,1
4499,1
4502,1
4503,1
4505,1
4507,1
4508,1
4509,1
4510,1
4511,1
4515,1
4516,1
4526,1
4527,1
4529,1
4535,1
4536,1
4538,1
4540,1
4545,1
4552,1
4568,1
4569,1
4572,1
4574,1
4576,1
4579,1
4581,1
4582,1
4583,1
4585,1
4586,1
4587,1
4594,1
4616,1
4619,1
4620,1
4633,1
4635,1
4638,1
4643,1
4645,1
4657,1
4661,1
4668,1
4675,1
4681,1
4685,1
4687,1
4689,1
4693,1
4695,1
4696,1
4698,1
4703,1
4717,1
4718,1
4721,1
4723,1
4726,1
4728,1
4730,1
4733,1
4735,1
4736,1
4739,1
4743,1
4744,1
4746,1
4747,1
4750,1
4752,1
4754,1
4759,1
4761,1
4763,1
4764,1
4765,1
4770,1
4775,1
4778,1
4780,1
4781,1
4783,1
4784,1
4786,1
4808,1
4809,1
4810,1
4815,1
4816,1
4819,1
4821,1
4823,1
4826,1
4828,1
4830,1
4833,1
4836,1
4840,1
4841,1
4844,1
4848,1
4849,1
4850,1
4857,1
4864,1
4866,1
4871,1
4874,1
4877,1
4879,1
4883,1
4890,1
4895,1
4902,1
4906,1
4908,1
4910,1
4912,1
4913,1
4914,1
4921,1
4922,1
4925,1
4927,1
4930,1
4936,1
4939,1
4941,1
4945,1
4946,1
4948,1
4949,1
4950,1
4952,1
4953,1
4959,1
4962,1
4964,1
4965,1
4966,1
4968,1
4975,1
4977,1
4979,1
4981,1
4984,1
4994,1
5002,1
5004,1
5006,1
5014,1
5015,1
5018,1
5020,1
5022,1
5024,1
5027,1
5036,1
5043,1
5044,1
5046,1
5051,1
5056,1
5061,1
5063,1
5064,1
5071,1
5084,1
5085,1
5086,1
5088,1
5092,1
5094,1
5103,1
5104,1
5108,1
5109,1
5110,1
5111,1
5113,1
5114,1
5115,1
5117,1
5121,1
5122,1
5123,1
5124,1
5128,1
5138,1
5140,1
5143,1
5149,1
5150,1
5152,1
5159,1
5161,1
5163,1
5165,1
5166,1
5167,1
5168,1
5171,1
5173,1
5176,1
5181,1
5183,1
5184,1
5191,1
5195,1
5196,1
5198,1
5207,1
5211,1
5216,1
5221,1
5226,1
5227,1
5229,1
5230,1
5233,1
5234,1
5235,1
5239,1
5241,1
5243,1
5245,1
5246,1
5250,1
5254,1
5256,1
5260,1
5262,1
5264,1
5268,1
5269,1
5272,1
5273,1
5276,1
5279,1
5280,1
5282,1
5283,1
5284,1
5289,1
5290,1
5292,1
5294,1
5295,1
5297,1
5298,1
5306,1
5311,1
5312,1
5317,1
5318,1
5319,1
5321,1
5323,1
5324,1
5326,1
5327,1
5330,1
5331,1
5336,1
5337,1
5340,1
5348,1
5351,1
5352,1
5358,1
5366,1
5370,1
5371,1
5374,1
5375,1
5376,1
5379,1
5384,1
5385,1
5387,1
5388,1
5397,1
5400,1
5403,1
5409,1
5410,1
5412,1
5420,1
5421,1
5425,1
5426,1
5429,1
5435,1
5438,1
5443,1
5447,1
5448,1
5450,1
5453,1
5458,1
5461,1
5462,1
5466,1
5471,1
5472,1
5475,1
5476,1
5477,1
5479,1
5481,1
5483,1
5489,1
5490,1
5491,1
5494,1
5498,1
5500,1
5504,1
5506,1
5512,1
5514,1
5515,1
5519,1
5520,1
5523,1
5524,1
5528,1
5536,1
5539,1
5544,1
5549,1
5550,1
5551,1
5554,1
5556,1
5557,1
5559,1
5565,1
5568,1
5573,1
5574,1
5577,1
5578,1
5581,1
5584,1
5587,1
5588,1
5590,1
5599,1
5600,1
5601,1
5602,1
5605,1
5606,1
5610,1
5613,1
5614,1
5615,1
5622,1
5628,1
5629,1
5630,1
5632,1
5634,1
5638,1
5645,1
5648,1
5649,1
5651,1
5653,1
5654,1
5660,1
5662,1
5665,1
5667,1
5669,1
5670,1
5672,1
5674,1
5678,1
5685,1
5687,1
5690,1
5694,1
5696,1
5704,1
5710,1
5721,1
5724,1
5729,1
5733,1
5742,1
5744,1
5746,1
5749,1
5753,1
5754,1
5757,1
5758,1
5762,1
5766,1
5767,1
5775,1
5778,1
5782,1
5784,1
5785,1
5786,1
5787,1
5792,1
5793,1
5794,1
5797,1
5799,1
5801,1
5805,1
5806,1
5808,1
5809,1
5813,1
5814,1
5824,1
5831,1
5832,1
5835,1
5837,1
5845,1
5846,1
5848,1
5849,1
5851,1
5857,1
5858,1
5869,1
5872,1
5873,1
5874,1
5877,1
5880,1
5882,1
5894,1
5897,1
5902,1
5905,1
5908,1
5911,1
5912,1
5913,1
5916,1
5922,1
5923,1
5924,1
5926,1
5930,1
5936,1
5937,1
5942,1
5948,1
5949,1
5951,1
5952,1
5953,1
5954,1
5957,1
5960,1
5964,1
5973,1
5977,1
5981,1
5982,1
5984,1
5987,1
5989,1
5990,1
5992,1
5993,1
5995,1
5998,1
6000,1
6001,1
6006,1
6008,1
6009,1
6012,1
6016,1
6017,1
6021,1
6023,1
6024,1
6028,1
6030,1
6032,1
6035,1
6041,1
6043,1
6044,1
6051,1
6053,1
6058,1
6060,1
6063,1
6064,1
6067,1
6070,1
6072,1
6073,1
6080,1
6084,1
6092,1
6100,1
6101,1
6103,1
6104,1
6106,1
6110,1
6113,1
6119,1
6121,1
6123,1
6127,1
6138,1
6144,1
6145,1
6146,1
6153,1
6162,1
6167,1
6170,1
6171,1
6172,1
6174,1
6175,1
6177,1
6179,1
6182,1
6183,1
6185,1
6186,1
6187,1
6188,1
6189,1
6191,1
6192,1
6195,1
6196,1
6205,1
6209,1
6210,1
6214,1
6225,1
6226,1
6228,1
6230,1
6240,1
6241,1
6242,1
6243,1
6253,1
6257,1
6268,1
6273,1
6276,1
6280,1
6283,1
6286,1
6290,1
6292,1
6293,1
6299,1
6303,1
6309,1
6312,1
6318,1
6321,1
6329,1
6339,1
6341,1
6349,1
6350,1
6353,1
6355,1
6362,1
6363,1
6364,1
6366,1
6374,1
6376,1
6378,1
6379,1
6383,1
6386,1
6390,1
6393,1
6394,1
6396,1
6399,1
6405,1
6407,1
6411,1
6412,1
6415,1
6416,1
6423,1
6425,1
6426,1
6427,1
6429,1
6431,1
6442,1
6457,1
6459,1
6461,1
6464,1
6465,1
6470,1
6475,1
6476,1
6479,1
6483,1
6484,1
6489,1
6492,1
6494,1
6503,1
6505,1
6508,1
6511,1
6516,1
6521,1
6525,1
6528,1
6530,1
6531,1
6534,1
6540,1
6552,1
6553,1
6554,1
6557,1
6559,1
6562,1
6564,1
6566,1
6572,1
6573,1
6578,1
6581,1
6585,1
6589,1
6590,1
6593,1
6595,1
6596,1
6597,1
6603,1
6608,1
6615,1
6621,1
6623,1
6625,1
6637,1
6640,1
6642,1
6643,1
6646,1
6648,1
6653,1
6654,1
6662,1
6666,1
6667,1
6669,1
6671,1
6673,1
6674,1
6675,1
6679,1
6681,1
6687,1
6691,1
6694,1
6695,1
6696,1
6697,1
6700,1
6701,1
6706,1
6712,1
6714,1
6717,1
6728,1
6734,1
6736,1
6738,1
6749,1
6761,1
6763,1
6770,1
6771,1
6772,1
6778,1
6779,1
6780,1
6783,1
6788,1
6792,1
6801,1
6805,1
6808,1
6816,1
6823,1
6826,1
6829,1
6830,1
6831,1
6838,1
6839,1
6842,1
6846,1
6852,1
6853,1
6856,1
6857,1
6862,1
6863,1
6867,1
6871,1
6875,1
6876,1
6880,1
6883,1
6885,1
6887,1
6889,1
6893,1
6903,1
6910,1
6912,1
6913,1
6914,1
6917,1
6919,1
6921,1
6924,1
6930,1
6931,1
6934,1
6935,1
6936,1
6939,1
6940,1
6941,1
6942,1
6944,1
6947,1
6950,1
6951,1
6952,1
6954,1
6958,1
6963,1
6964,1
6966,1
6972,1
6975,1
6986,1
6989,1
6991,1
6993,1
6994,1
6996,1
7002,1
7003,1
7006,1
7017,1
7018,1
7021,1
7023,1
7031,1
7037,1
7039,1
7040,1
7042,1
7043,1
7047,1
7054,1
7060,1
7061,1
7062,1
7063,1
7066,1
7067,1
7069,1
7070,1
7072,1
7076,1
7080,1
7081,1
7083,1
7085,1
7086,1
7088,1
7089,1
7094,1
7096,1
7107,1
7108,1
7111,1
7112,1
7116,1
7117,1
7118,1
7122,1
7126,1
7127,1
7129,1
7138,1
7141,1
7142,1
7145,1
7146,1
7160,1
7170,1
7171,1
7173,1
7174,1
7175,1
7177,1
7178,1
7180,1
7183,1
7186,1
7188,1
7198,1
7201,1
7210,1
7217,1
7221,1
7222,1
7224,1
7228,1
7231,1
7232,1
7235,1
7240,1
7243,1
7244,1
7246,1
7248,1
7252,1
7253,1
7255,1
7258,1
7261,1
7264,1
7274,1
7275,1
7276,1
7279,1
7285,1
7293,1
7296,1
7297,1
7299,1
7304,1
7305,1
7309,1
7316,1
7319,1
7325,1
7327,1
7334,1
7340,1
7352,1
7356,1
7357,1
7358,1
7360,1
7361,1
7362,1
7363,1
7370,1
7373,1
7374,1
7376,1
7381,1
7385,1
7386,1
7391,1
7394,1
7395,1
7397,1
7400,1
7401,1
7406,1
7409,1
7410,1
7412,1
7414,1
7424,1
7428,1
7433,1
7437,1
7438,1
7443,1
7450,1
7453,1
7458,1
7459,1
7460,1
7463,1
7465,1
7468,1
7470,1
7471,1
7475,1
7477,1
7486,1
7488,1
7490,1
7491,1
7497,1
7501,1
7504,1
7507,1
7508,1
7510,1
7513,1
7514,1
7515,1
7517,1
7520,1
7525,1
7530,1
7536,1
7540,1
7542,1
7544,1
7560,1
7561,1
7562,1
7568,1
7573,1
7576,1
7577,1
7578,1
7580,1
7582,1
7584,1
7588,1
7589,1
7592,1
7593,1
7595,1
7597,1
7600,1
7602,1
7605,1
7607,1
7609,1
7611,1
7612,1
7617,1
7627,1
7628,1
7634,1
7639,1
7641,1
7642,1
7645,1
7646,1
7649,1
7651,1
7652,1
7660,1
7662,1
7669,1
7672,1
7673,1
7682,1
7684,1
7687,1
7689,1
7693,1
7699,1
7700,1
7702,1
7705,1
7706,1
7713,1
7714,1
7718,1
7724,1
7728,1
7729,1
7732,1
7734,1
7737,1
7738,1
7740,1
7752,1
7757,1
7758,1
7759,1
7760,1
7761,1
7768,1
7772,1
7774,1
7776,1
7777,1
7778,1
7783,1
7785,1
7787,1
7788,1
7790,1
7791,1
7792,1
7794,1
7795,1
7797,1
7798,1
7801,1
7805,1
7806,1
7807,1
7811,1
7812,1
7813,1
7816,1
7826,1
7828,1
7830,1
7833,1
7834,1
7835,1
7838,1
7849,1
7850,1
7855,1
7856,1
7862,1
7863,1
7864,1
7867,1
7871,1
7873,1
7876,1
7877,1
7884,1
7885,1
7887,1
7888,1
7891,1
7892,1
7895,1
7899,1
7901,1
7905,1
7907,1
7909,1
7911,1
7912,1
7915,1
7917,1
7919,1
7921,1
7923,1
7924,1
7925,1
7930,1
7933,1
7936,1
7941,1
7942,1
7949,1
7950,1
7951,1
7952,1
7956,1
7960,1
7962,1
7972,1
7975,1
7979,1
7983,1
7990,1
7992,1
7997,1
7998,1
8001,1
8003,1
8011,1
8019,1
8022,1
8027,1
8028,1
8031,1
8032,1
8034,1
8035,1
8037,1
8039,1
8041,1
8043,1
8044,1
8049,1
8053,1
8054,1
8055,1
8057,1
8058,1
8069,1
8072,1
8074,1
8076,1
8086,1
8089,1
8091,1
8096,1
8101,1
8103,1
8106,1
8111,1
8113,1
8114,1
8115,1
8122,1
8126,1
8133,1
8136,1
8137,1
8138,1
8140,1
8143,1
8144,1
8150,1
8158,1
8160,1
8162,1
8163,1
8165,1
8166,1
8168,1
8171,1
8174,1
8175,1
8197,1
8200,1
8202,1
8206,1
8214,1
8218,1
8222,1
8225,1
8226,1
8230,1
8233,1
8234,1
8239,1
8240,1
8254,1
8257,1
8261,1
8263,1
8264,1
8269,1
8274,1
8276,1
8285,1
8289,1
8293,1
8296,1
8302,1
8303,1
8307,1
8308,1
8315,1
8316,1
8321,1
8325,1
8326,1
8328,1
8333,1
8334,1
8335,1
8336,1
8346,1
8348,1
8350,1
8352,1
8353,1
8354,1
8359,1
8361,1
8369,1
8370,1
8373,1
8375,1
8377,1
8380,1
8381,1
8391,1
8392,1
8394,1
8400,1
8404,1
8411,1
8416,1
8418,1
8419,1
8427,1
8428,1
8429,1
8431,1
8432,1
8433,1
8434,1
8435,1
8437,1
8439,1
8442,1
8443,1
8448,1
8452,1
8453,1
8454,1
8457,1
8458,1
8459,1
8461,1
8464,1
8469,1
8474,1
8483,1
8488,1
8496,1
8498,1
8499,1
8500,1
8502,1
8504,1
8510,1
8511,1
8512,1
8514,1
8516,1
8517,1
8519,1
8520,1
8521,1
8523,1
8524,1
8525,1
8526,1
8533,1
8534,1
8538,1
8539,1
8542,1
8543,1
8550,1
8552,1
8556,1
8557,1
8559,1
8562,1
8565,1
8568,1
8574,1
8575,1
8576,1
8579,1
8581,1
8588,1
8591,1
8601,1
8607,1
8613,1
8614,1
8618,1
8627,1
8628,1
8636,1
8639,1
8647,1
8648,1
8649,1
8661,1
8662,1
8663,1
8668,1
8669,1
8674,1
8675,1
8677,1
8678,1
8681,1
8683,1
8685,1
8686,1
8690,1
8694,1
8695,1
8696,1
8707,1
8708,1
8711,1
8712,1
8715,1
8717,1
8719,1
8724,1
8733,1
8745,1
8748,1
8749,1
8752,1
8754,1
8756,1
8757,1
8758,1
8759,1
8768,1
8771,1
8774,1
8776,1
8778,1
8780,1
8781,1
8784,1
8790,1
8794,1
8806,1
8813,1
8817,1
8818,1
8819,1
8820,1
8829,1
8834,1
8842,1
8847,1
8853,1
8854,1
8856,1
8860,1
8868,1
8871,1
8875,1
8876,1
8884,1
8888,1
8899,1
8900,1
8907,1
8908,1
8911,1
8913,1
8915,1
8916,1
8922,1
8923,1
8928,1
8937,1
8948,1
8955,1
8957,1
8960,1
8962,1
8964,1
8966,1
8967,1
8969,1
8971,1
8972,1
8974,1
8985,1
8988,1
8989,1
8996,1
9001,1
9015,1
9023,1
9024,1
9027,1
9035,1
9036,1
9038,1
9040,1
9042,1
9044,1
9051,1
9054,1
9060,1
9061,1
9064,1
9067,1
9070,1
9081,1
9082,1
9084,1
9086,1
9087,1
9088,1
9089,1
9094,1
9098,1
9101,1
9103,1
9104,1
9105,1
9106,1
9110,1
9120,1
9135,1
9136,1
9141,1
9143,1
9149,1
9156,1
9159,1
9162,1
9163,1
9167,1
9168,1
9169,1
9175,1
9179,1
9180,1
9181,1
9182,1
9184,1
9188,1
9193,1
9198,1
9208,1
9210,1
9214,1
9219,1
9220,1
9225,1
9226,1
9228,1
9234,1
9241,1
9243,1
9245,1
9252,1
9254,1
9259,1
9271,1
9274,1
9275,1
9282,1
9285,1
9289,1
9290,1
9296,1
9297,1
9298,1
9301,1
9309,1
9311,1
9314,1
9318,1
9319,1
9320,1
9322,1
9323,1
9325,1
9326,1
9327,1
9330,1
9332,1
9336,1
9340,1
9350,1
9352,1
9353,1
9357,1
9358,1
9371,1
9374,1
9376,1
9379,1
9382,1
9389,1
9392,1
9394,1
9405,1
9409,1
9410,1
9412,1
9415,1
9417,1
9418,1
9420,1
9423,1
9426,1
9430,1
9439,1
9445,1
9449,1
9452,1
9455,1
9457,1
9464,1
9466,1
9468,1
9472,1
9475,1
9476,1
9480,1
9483,1
9484,1
9488,1
9496,1
9502,1
9504,1
9505,1
9508,1
9510,1
9511,1
9513,1
9515,1
9516,1
9518,1
9519,1
9521,1
9527,1
9530,1
9531,1
9535,1
9538,1
9539,1
9541,1
9544,1
9545,1
9550,1
9552,1
9559,1
9561,1
9564,1
9568,1
9569,1
9570,1
9573,1
9580,1
9582,1
9584,1
9585,1
9587,1
9594,1
9596,1
9601,1
9605,1
9606,1
9607,1
9612,1
9613,1
9622,1
9623,1
9625,1
9628,1
9632,1
9633,1
9634,1
9648,1
9654,1
9659,1
9663,1
9664,1
9667,1
9670,1
9671,1
9673,1
9679,1
9680,1
9681,1
9685,1
9686,1
9690,1
9691,1
9694,1
9698,1
9700,1
9703,1
9710,1
9712,1
9717,1
9719,1
9722,1
9725,1
9726,1
9730,1
9731,1
9741,1
9746,1
9752,1
9756,1
9759,1
9760,1
9762,1
9763,1
9764,1
9770,1
9773,1
9774,1
9778,1
9780,1
9783,1
9794,1
9796,1
9801,1
9805,1
9814,1
9816,1
9819,1
9821,1
9826,1
9828,1
9829,1
9834,1
9835,1
9840,1
9841,1
9843,1
9849,1
9851,1
9866,1
9867,1
9869,1
9872,1
9873,1
9878,1
9886,1
9889,1
9890,1
9897,1
9899,1
9900,1
9905,1
9907,1
9908,1
9916,1
9917,1
9919,1
9922,1
9926,1
9929,1
9930,1
9931,1
9940,1
9941,1
9945,1
9950,1
9951,1
9954,1
9958,1
9959,1
9968,1
9970,1
9974,1
9975,1
9978,1
9979,1
9987,1
9990,1
10009,1
10015,1
10026,1
10028,1
10035,1
10036,1
10039,1
10042,1
10046,1
10050,1
10054,1
10060,1
10067,1
10068,1
10070,1
10073,1
10074,1
10076,1
10078,1
10079,1
10084,1
10087,1
10090,1
10099,1
10100,1
10102,1
10107,1
10111,1
10113,1
10115,1
10116,1
10117,1
10125,1
10129,1
10132,1
10134,1
10136,1
10139,1
10140,1
10141,1
10142,1
10146,1
10148,1
10149,1
10150,1
10151,1
10159,1
10164,1
10166,1
10169,1
10171,1
10172,1
10176,1
10177,1
10180,1
10181,1
10183,1
10184,1
10193,1
10194,1
10195,1
10197,1
10202,1
10215,1
10218,1
10219,1
10220,1
10222,1
10223,1
10225,1
10237,1
